run,type,performance,tutor,smart_group,competence,motivation,interactions,charge,engagement
0,student,1.0,False,False,0.9371430483343897,1,2,0,2.0
0,student,0.0,False,False,0.7067226422941482,0,4,0,4.0
0,student,0.0,False,False,0.5474322478375843,0,1,0,1.0
0,student,0.07896861904106861,False,False,0.5113068382871829,0,1,0,1.0
0,student,0.0,False,False,0.5795128111202412,0,0,0,0.0
0,student,0.0,False,False,0.9210874197090104,0,0,0,0.0
0,student,0.0,False,False,0.5288548478925337,0,0,0,0.0
0,student,0.8674093839670642,False,False,0.787741010408415,1,1,0,1.0
0,student,0.009239395016963109,False,False,0.809310286725202,0,0,0,0.0
0,student,0.0816067171583181,False,False,0.5467990852648889,0,2,0,2.0
1,student,0.0,False,False,0.8335786063106814,0,0,0,0.0
1,student,0.004623949728865956,False,False,0.698091447192511,0,2,0,2.0
1,student,0.08272577976912551,False,False,0.6144115178930236,0,0,0,0.0
1,student,0.877006026291439,False,False,0.8024323940114404,1,2,0,2.0
1,student,0.07771745789701362,False,False,0.5444985926109284,0,2,0,2.0
1,student,0.5368864662686709,False,False,0.6331729853712973,1,0,0,0.0
1,student,0.0,False,False,0.5362879702518915,0,0,0,0.0
1,student,0.7063230992387464,False,False,0.661118923889102,1,0,0,0.0
1,student,0.09091920803930054,False,False,0.5014485034202272,0,1,0,1.0
1,student,0.03142747487452119,False,False,0.9044716022465937,0,0,0,0.0
2,student,0.8187737638934782,False,False,0.8423484064104205,1,1,0,1.0
2,student,0.0,False,False,0.5403095325581829,0,0,0,0.0
2,student,0.0,False,False,0.5542374517489563,0,0,0,0.0
2,student,0.0,False,False,0.6120753870664002,0,2,0,2.0
2,student,0.753706691568604,False,False,0.7343869091143744,1,0,0,0.0
2,student,0.901618629684716,False,False,0.9515581518518945,1,0,0,0.0
2,student,0.0,False,False,0.5778808265988726,0,0,0,0.0
2,student,0.0,False,False,0.540919658255304,0,1,0,1.0
2,student,0.09432410369401964,False,False,0.5294520187735183,0,1,0,1.0
2,student,0.08192434258261333,False,False,0.7640296242385529,0,0,0,0.0
3,student,0.0,False,False,0.5474116809972643,0,1,0,1.0
3,student,0.07964794270455983,False,False,0.7162898937607522,0,2,0,2.0
3,student,0.5462978732191628,False,False,0.6250581721204055,1,0,0,0.0
3,student,0.7453347859796444,False,False,0.7838537705597025,1,1,0,1.0
3,student,0.08660825423436166,False,False,0.5173067362502866,0,1,0,1.0
3,student,0.05507528943362125,False,False,0.5279462839938537,0,0,0,0.0
3,student,0.0,False,False,0.6054505258183956,0,3,0,3.0
3,student,0.052331003832382206,False,False,0.8431249164422274,0,1,0,1.0
3,student,0.0,False,False,0.5286917784401093,0,1,0,1.0
3,student,0.8486334118805255,False,False,0.7611756497307227,1,0,0,0.0
4,student,0.0036127277413251224,False,False,0.5015064791414461,0,2,0,2.0
4,student,0.0,False,False,0.5136802737401519,0,3,0,3.0
4,student,0.01694838346014202,False,False,0.5308355103871091,0,2,0,2.0
4,student,0.09464103639176552,False,False,0.5179398062039684,0,8,0,8.0
4,student,0.08597549241431698,False,False,0.5136703881347142,0,5,0,5.0
4,student,0.0,False,False,0.5408156962696266,0,4,0,4.0
4,student,0.8613123785782232,False,False,0.9018560307430701,1,0,0,0.0
4,student,0.0,False,False,0.5087264134413879,0,2,0,2.0
4,student,0.07040921188205793,False,False,0.9243675848457975,0,1,0,1.0
4,student,0.0037904680803501484,False,False,0.5464539038918058,0,1,0,1.0
5,student,0.8191142070031475,False,False,0.8039182618246443,1,0,0,0.0
5,student,0.08670836938193541,False,False,0.520880722430585,0,0,0,0.0
5,student,0.0,False,False,0.9089865752856094,0,0,0,0.0
5,student,0.0,False,False,0.5443969223121254,0,0,0,0.0
5,student,0.0,False,False,0.6474929410246473,0,1,0,1.0
5,student,0.07599391891105334,False,False,0.6999757100672677,0,0,0,0.0
5,student,0.07479433448485076,False,False,0.5138789153201777,0,0,0,0.0
5,student,0.8801170350924301,False,False,0.8934900965494825,1,1,0,1.0
5,student,0.0,False,False,0.6358711592342067,0,2,0,2.0
5,student,0.09835123072912008,False,False,0.5756076738470597,0,2,0,2.0
6,student,0.040949868101817416,False,False,0.6181839780089885,0,1,0,1.0
6,student,0.01933269840390721,False,False,0.5348249399069268,0,2,0,2.0
6,student,0.0,False,False,0.5846886044380613,0,0,0,0.0
6,student,0.007974362252273187,False,False,0.5228150467932251,0,1,0,1.0
6,student,0.7380718183501336,False,False,0.7601067128110846,1,1,0,1.0
6,student,0.050435988846538965,False,False,0.5025354860567448,0,0,0,0.0
6,student,0.9674879384986739,False,False,0.9924012392072901,1,1,0,1.0
6,student,0.0382451811612434,False,False,0.5214607834923497,0,0,0,0.0
6,student,0.9099524801460144,False,False,0.9725128038837227,1,1,0,1.0
6,student,0.5867640061381818,False,False,0.6713529972909253,1,2,0,2.0
7,student,0.0,False,False,0.5454717969656446,0,2,0,2.0
7,student,0.7759207825360173,False,False,0.7078633503696486,1,2,0,2.0
7,student,0.024079215073954344,False,False,0.5272967685107601,0,2,0,2.0
7,student,0.0,False,False,0.5611834356086798,0,1,0,1.0
7,student,0.0770056041904077,False,False,0.6821438980446721,0,2,0,2.0
7,student,0.06706625345912162,False,False,0.5498836917842744,0,1,0,1.0
7,student,0.0,False,False,0.59782590148145,0,0,0,0.0
7,student,0.7036344238257155,False,False,0.615860998384014,1,1,0,1.0
7,student,0.7362202714968411,False,False,0.7565094385745387,1,2,0,2.0
7,student,0.037756847016009176,False,False,0.5120236848912127,0,0,0,0.0
8,student,0.02241228093029217,False,False,0.5218222333187907,0,0,0,0.0
8,student,0.7323542506547678,False,False,0.6873865371440857,1,1,0,1.0
8,student,0.7024741126345951,False,False,0.7993811698769477,1,1,0,1.0
8,student,0.0,False,False,0.716061961721836,0,0,0,0.0
8,student,0.5937142824499517,False,False,0.6518849713371928,1,0,0,0.0
8,student,0.07245910800582975,False,False,0.8580575887106827,0,0,0,0.0
8,student,0.002410787466509981,False,False,0.5262402443371837,0,0,0,0.0
8,student,0.09305565853431277,False,False,0.9400404584955901,0,0,0,0.0
8,student,0.9995736382204625,False,False,0.9043587237651516,1,0,0,0.0
8,student,0.04576144208491964,False,False,0.6235651628033119,0,1,0,1.0
9,student,0.0,False,False,0.546249921643033,0,0,0,0.0
9,student,0.010836178673985411,False,False,0.7370146381265138,0,0,0,0.0
9,student,0.0,False,False,0.5337852480208981,0,1,0,1.0
9,student,0.08009523168935859,False,False,0.5684762553332923,0,1,0,1.0
9,student,1.0,False,False,0.9248680330294006,1,3,0,3.0
9,student,0.0,False,False,0.5366340622022006,0,1,0,1.0
9,student,0.0,False,False,0.5427525352850926,0,5,0,5.0
9,student,0.0043908044867835005,False,False,0.5393136012022094,0,2,0,2.0
9,student,0.019457668515470067,False,False,0.8279716105267265,0,0,0,0.0
9,student,0.0,False,False,0.5462254644636051,0,2,0,2.0
0,student,0.8712165707882089,True,False,0.8416343916356881,1,0,0,0.0
0,student,0.7949767696957929,True,False,0.819087410289475,1,0,0,0.0
0,student,0.0,True,False,0.7564534528957805,0,1,0,1.0
0,student,0.6828055583045288,True,False,0.7599134804508365,1,0,0,0.0
0,student,0.8400498400921832,True,False,0.783715187846172,1,0,0,0.0
0,student,0.7736264567992804,True,False,0.8237492474058202,1,0,0,0.0
0,student,0.07483176828868299,True,False,0.966679639800083,0,0,0,0.0
0,student,0.950542369699797,True,False,0.997957688992587,1,0,0,0.0
0,student,0.9321169827075348,True,False,0.8397311113240492,1,0,0,0.0
0,student,0.0,True,False,0.8212448881705915,0,0,0,0.0
1,student,0.0,True,False,0.7898374018520867,0,0,0,0.0
1,student,0.8841086556726012,True,False,0.8168097425025058,1,0,0,0.0
1,student,0.9803515676402809,True,False,0.9110042447558724,1,0,0,0.0
1,student,0.8899339118033321,True,False,0.8258183333576152,1,0,0,0.0
1,student,0.8031986238144176,True,False,0.8393513504046137,1,1,0,1.0
1,student,1.0,True,False,0.9319762680216792,1,0,0,0.0
1,student,0.0,True,False,0.8916362140550049,0,0,0,0.0
1,student,0.6529904189986948,True,False,0.744762320837571,1,0,0,0.0
1,student,1.0,True,False,0.9198604668978869,1,0,0,0.0
1,student,0.7534193225393907,True,False,0.8401231768091942,1,0,0,0.0
2,student,0.8750515157257248,True,False,0.8371984242968834,1,0,0,0.0
2,student,0.8459147028124462,True,False,0.8239264404708401,1,0,0,0.0
2,student,0.844834918502561,True,False,0.7585924435344977,1,1,0,1.0
2,student,0.8918431085742935,True,False,0.8305015681919752,1,1,0,1.0
2,student,0.06291207446301925,True,False,0.7494118828325188,0,1,0,1.0
2,student,0.09056031872237044,True,False,0.7665409674363385,0,0,0,0.0
2,student,0.8022531336679606,True,False,0.8374847679375396,1,0,0,0.0
2,student,0.8151240406107059,True,False,0.7782772591938151,1,0,0,0.0
2,student,0.7786612310383656,True,False,0.791619031841874,1,0,0,0.0
2,student,0.0,True,False,0.8037695506680906,0,0,0,0.0
3,student,0.7885493493046586,True,False,0.8074293629316849,1,0,0,0.0
3,student,0.0,True,False,0.7731743201209198,0,1,0,1.0
3,student,0.0,True,False,0.7645966572456145,0,0,0,0.0
3,student,1.0,True,False,0.992119993267528,1,0,0,0.0
3,student,0.008210590402691315,True,False,0.8031023545277158,0,1,0,1.0
3,student,0.8560669534404287,True,False,0.8321384559907233,1,0,0,0.0
3,student,0.7852255763365918,True,False,0.7480995283162006,1,0,0,0.0
3,student,0.915248351137285,True,False,0.8196261224386219,1,0,0,0.0
3,student,0.8930943239395893,True,False,0.9051302628285036,1,0,0,0.0
3,student,0.8474688972387878,True,False,0.8416795029817716,1,0,0,0.0
4,student,0.934335985934827,True,False,0.9682435038852168,1,0,0,0.0
4,student,0.8684030297325375,True,False,0.8153603830476284,1,0,0,0.0
4,student,0.9591763344602877,True,False,0.9763629064882895,1,0,0,0.0
4,student,0.8893176370797604,True,False,0.8141255721269882,1,0,0,0.0
4,student,0.8473751505994414,True,False,0.8056628452343189,1,0,0,0.0
4,student,0.7635630987766635,True,False,0.8421165350196494,1,0,0,0.0
4,student,0.7094955053668177,True,False,0.7558944630350027,1,0,0,0.0
4,student,0.7634353533967968,True,False,0.7553502645743561,1,0,0,0.0
4,student,0.0,True,False,0.8071886888935795,0,0,0,0.0
4,student,0.7999622766631013,True,False,0.7695503824735429,1,1,0,1.0
5,student,0.9059038018057542,True,False,0.8305198690715384,1,1,0,1.0
5,student,0.030166120776741606,True,False,0.8747113889191027,0,0,0,0.0
5,student,0.9995760999985532,True,False,0.9313568708600359,1,0,0,0.0
5,student,0.04300544245315688,True,False,0.8283563822181086,0,0,0,0.0
5,student,0.8633834876436857,True,False,0.8997317060930625,1,0,0,0.0
5,student,1.0,True,False,0.9914365381645436,1,0,0,0.0
5,student,0.8936664154128137,True,False,0.8088156705990179,1,0,0,0.0
5,student,0.7215823653009024,True,False,0.814912538583781,1,1,0,1.0
5,student,0.8299852289847892,True,False,0.7546440144942329,1,0,0,0.0
5,student,0.9124305929758075,True,False,0.8165836011917194,1,0,0,0.0
6,student,0.8013662374298018,True,False,0.7846308999824709,1,0,0,0.0
6,student,0.9210125080716799,True,False,0.9886017130317803,1,0,0,0.0
6,student,0.0,True,False,0.7902181033408502,0,1,0,1.0
6,student,0.0,True,False,0.8087220841711144,0,0,0,0.0
6,student,0.849346529953473,True,False,0.8420311478808633,1,0,0,0.0
6,student,0.7408896467633711,True,False,0.8319422269061643,1,0,0,0.0
6,student,0.050879243329769924,True,False,0.8030803187538661,0,0,0,0.0
6,student,0.7658080386108279,True,False,0.7935127123598115,1,1,0,1.0
6,student,0.8696695731731399,True,False,0.8907553850539041,1,2,0,2.0
6,student,0.8469502171347888,True,False,0.8230853725375572,1,1,0,1.0
7,student,0.0,True,False,0.9848510041593255,0,0,0,0.0
7,student,0.0,True,False,0.7822890780830085,0,0,0,0.0
7,student,0.7737364790078476,True,False,0.7960299850504698,1,0,0,0.0
7,student,0.0,True,False,0.7702854173464636,0,0,0,0.0
7,student,0.761893921059097,True,False,0.8380732984239381,1,0,0,0.0
7,student,0.8398766967353873,True,False,0.7798055513957755,1,0,0,0.0
7,student,0.7456708798915687,True,False,0.819645140936111,1,0,0,0.0
7,student,0.8969443463329771,True,False,0.806183862380284,1,0,0,0.0
7,student,0.8841214397604915,True,False,0.8932784594336522,1,0,0,0.0
7,student,0.7653468049124805,True,False,0.8354676893973387,1,0,0,0.0
8,student,0.8380589571071511,True,False,0.8814360666650138,1,0,0,0.0
8,student,0.9949058406532219,True,False,0.8985450284705678,1,0,0,0.0
8,student,0.91394428882195,True,False,0.8212926258293893,1,1,0,1.0
8,student,0.8048021189873201,True,False,0.785871635973031,1,0,0,0.0
8,student,0.7551475410729582,True,False,0.8247991261661838,1,0,0,0.0
8,student,0.8953481521002788,True,False,0.9028417753253342,1,0,0,0.0
8,student,0.8150244157234631,True,False,0.7445494113797029,1,0,0,0.0
8,student,0.8511299761312364,True,False,0.8215476997154231,1,0,0,0.0
8,student,0.8851526583507433,True,False,0.8297844518617273,1,1,0,1.0
8,student,0.08357089548177621,True,False,0.918266757761671,0,0,0,0.0
9,student,0.04776487795349296,True,False,0.7641362180237151,0,1,0,1.0
9,student,0.8997527953958794,True,False,0.8239296122094193,1,0,0,0.0
9,student,0.7721459069920418,True,False,0.7832113737415624,1,0,0,0.0
9,student,0.06749580036769923,True,False,0.8015272020676277,0,0,0,0.0
9,student,0.0,True,False,0.758584477067147,0,0,0,0.0
9,student,0.0,True,False,0.7775566212102168,0,0,0,0.0
9,student,0.8468716540605634,True,False,0.8185669261691959,1,0,0,0.0
9,student,0.04364077623579282,True,False,0.8630616934124036,0,1,0,1.0
9,student,0.7665680128026251,True,False,0.8051530220619382,1,0,0,0.0
9,student,0.7434743667456981,True,False,0.7566957445117962,1,0,0,0.0
0,student,0.9033278526884498,True,True,0.8121542316756212,1,0,0,0.0
0,student,0.6693551324423017,True,True,0.7533554131100344,1,0,0,0.0
0,student,0.9753992155507776,True,True,0.8955187520293211,1,0,0,0.0
0,student,0.04406528528796266,True,True,0.7466565785302923,0,0,0,0.0
0,student,0.7551110260150549,True,True,0.842720373158275,1,1,0,1.0
0,student,0.620155972512564,True,True,0.6986920383392637,1,0,0,0.0
0,student,0.0970908437272201,True,True,0.8739147805101355,0,0,0,0.0
0,student,0.687183581733226,True,True,0.7452796004992269,1,0,0,0.0
0,student,0.0,True,True,0.8258655474526508,0,0,0,0.0
0,student,0.7250686738141668,True,True,0.7116456373834432,1,0,0,0.0
1,student,0.7710895965233235,True,True,0.705703721909993,1,0,0,0.0
1,student,0.8984005042348412,True,True,0.8254009970296936,1,0,0,0.0
1,student,0.6963154573278568,True,True,0.7638733936576045,1,0,0,0.0
1,student,0.9304701076504739,True,True,0.8737995293437881,1,0,0,0.0
1,student,0.6966284637521891,True,True,0.7851251414323324,1,0,0,0.0
1,student,0.810219188436146,True,True,0.8893379151567322,1,0,0,0.0
1,student,0.6781238399362469,True,True,0.7623828329132334,1,0,0,0.0
1,student,0.8232895957109188,True,True,0.752814061030628,1,0,0,0.0
1,student,0.619473310820314,True,True,0.7076375629312243,1,0,0,0.0
1,student,0.9209934983594337,True,True,0.9724143609486144,1,0,0,0.0
2,student,0.7650281281212419,True,True,0.7749037882888841,1,0,0,0.0
2,student,0.7138258880688889,True,True,0.7388432467611669,1,0,0,0.0
2,student,0.7750177573608761,True,True,0.8482049157197011,1,0,0,0.0
2,student,0.7547581509287946,True,True,0.8185363164224992,1,2,0,2.0
2,student,0.6761117405390379,True,True,0.7106450877441649,1,0,0,0.0
2,student,0.7937456549026819,True,True,0.7406564765503667,1,0,0,0.0
2,student,0.7321468057982158,True,True,0.7121573591970396,1,0,0,0.0
2,student,0.04194815740987837,True,True,0.9317173585135212,0,0,0,0.0
2,student,0.8260272478552438,True,True,0.8419058289189001,1,1,0,1.0
2,student,0.8549447509583462,True,True,0.7787969874399445,1,1,0,1.0
3,student,0.09714945317362353,True,True,0.7014247109627122,0,0,0,0.0
3,student,0.6863903591763585,True,True,0.7643081523453339,1,1,0,1.0
3,student,0.7289730456024796,True,True,0.8086210952091567,1,1,0,1.0
3,student,0.7245366540077883,True,True,0.7633816166746135,1,1,0,1.0
3,student,0.800436650472805,True,True,0.7658145812540387,1,0,0,0.0
3,student,0.8660274395229335,True,True,0.7739044484360291,1,0,0,0.0
3,student,0.0,True,True,0.7292490474510022,0,0,0,0.0
3,student,0.8061664945524293,True,True,0.8417471199544074,1,1,0,1.0
3,student,0.7917670271018987,True,True,0.7476190689462325,1,1,0,1.0
3,student,1.0,True,True,0.9966340060703929,1,0,0,0.0
4,student,0.0,True,True,0.802876531738425,0,0,0,0.0
4,student,0.9629665137023343,True,True,0.9960701524193472,1,0,0,0.0
4,student,0.0,True,True,0.7396159247324069,0,0,0,0.0
4,student,0.09203097123015899,True,True,0.7259280331493366,0,0,0,0.0
4,student,0.8102751241072483,True,True,0.8618019770933096,1,0,0,0.0
4,student,0.0,True,True,0.895210489507932,0,0,0,0.0
4,student,0.02895190580598539,True,True,0.7424245413622647,0,0,0,0.0
4,student,0.8743106165125041,True,True,0.7843700795358154,1,0,0,0.0
4,student,0.7682864507076201,True,True,0.7741808624229884,1,0,0,0.0
4,student,0.059525918791334814,True,True,0.7653926187923362,0,0,0,0.0
5,student,0.955738055521024,True,True,0.8592533130091831,1,0,0,0.0
5,student,0.01677155487562247,True,True,0.7945368022598875,0,0,0,0.0
5,student,0.9695992916032781,True,True,0.9300256158474558,1,0,0,0.0
5,student,0.8025967453102998,True,True,0.77311196672576,1,1,0,1.0
5,student,0.8364692237681483,True,True,0.903163470380925,1,0,0,0.0
5,student,0.7272872336819398,True,True,0.7188997549257422,1,0,0,0.0
5,student,0.8537864282920306,True,True,0.829723960675586,1,1,0,1.0
5,student,0.8264910242355351,True,True,0.769522135109441,1,1,0,1.0
5,student,0.7952754818161399,True,True,0.7503050889159381,1,1,0,1.0
5,student,0.8022927275775514,True,True,0.71322342933486,1,0,0,0.0
6,student,0.8547336539032371,True,True,0.7981901004465997,1,0,0,0.0
6,student,0.8092048802698045,True,True,0.735095555769446,1,0,0,0.0
6,student,0.0,True,True,0.7868637645044325,0,0,0,0.0
6,student,0.8135249059958507,True,True,0.7222572108733427,1,0,0,0.0
6,student,0.7790444995278749,True,True,0.7476375367033196,1,0,0,0.0
6,student,0.08811411671183633,True,True,0.7043926143309183,0,0,0,0.0
6,student,0.8320061284456444,True,True,0.7471619077913898,1,0,0,0.0
6,student,0.691526303448724,True,True,0.7681802640883536,1,0,0,0.0
6,student,0.7817639452711178,True,True,0.7748370378168064,1,0,0,0.0
6,student,0.8616377469922221,True,True,0.7726914893075172,1,0,0,0.0
7,student,0.7479973550987828,True,True,0.7049284617844027,1,0,0,0.0
7,student,0.8039504687404306,True,True,0.7415172811289445,1,0,0,0.0
7,student,0.7122583058949539,True,True,0.7070113247559229,1,0,0,0.0
7,student,0.9321339535714762,True,True,0.9675855733965764,1,0,0,0.0
7,student,0.796476503092554,True,True,0.7578768340242086,1,1,0,1.0
7,student,0.0,True,True,0.828754525215168,0,1,0,1.0
7,student,0.0,True,True,0.719558854819562,0,0,0,0.0
7,student,0.6595281234519167,True,True,0.7475012148357089,1,0,0,0.0
7,student,1.0,True,True,0.9699501277624099,1,0,0,0.0
7,student,0.7553595471584542,True,True,0.785708671023994,1,0,0,0.0
8,student,0.7411297181647095,True,True,0.7560534022053997,1,0,0,0.0
8,student,0.0,True,True,0.8289047508069278,0,1,0,1.0
8,student,0.09898441760838414,True,True,0.8252007320113433,0,1,0,1.0
8,student,0.07650103897939184,True,True,0.6957213700879887,0,0,0,0.0
8,student,0.7202217249655098,True,True,0.774801627417201,1,0,0,0.0
8,student,0.7092832545892852,True,True,0.7063808297347728,1,0,0,0.0
8,student,0.8788410620223773,True,True,0.7926539432109025,1,0,0,0.0
8,student,1.0,True,True,0.9911272571999346,1,0,0,0.0
8,student,0.7309013989528411,True,True,0.8213939284152314,1,1,0,1.0
8,student,0.9924681151494361,True,True,0.9688944486647662,1,1,0,1.0
9,student,0.689323716442711,True,True,0.7759791371222929,1,0,0,0.0
9,student,0.0,True,True,0.7185562614817598,0,0,0,0.0
9,student,0.0,True,True,0.744670895899658,0,0,0,0.0
9,student,0.9977948529019633,True,True,0.9558523187727288,1,0,0,0.0
9,student,0.9684898915711722,True,True,0.978350083751758,1,0,0,0.0
9,student,0.047316248027548274,True,True,0.7523383599384246,0,0,0,0.0
9,student,0.9878741678351515,True,True,0.9203481544915102,1,0,0,0.0
9,student,1.0,True,True,0.9388168525246676,1,0,0,0.0
9,student,0.6140731661078336,True,True,0.7041560423743073,1,0,0,0.0
9,student,0.817758262797627,True,True,0.7293188444379082,1,0,0,0.0
